Timestamp,Name ,Age,Gender,College Name,Department,Current Year of Study,Did you always want to study Engineering?,What course/domain did you actually want to study?,Why did you choose Engineering?,Are you happy with your current course?,Are you learning skills outside your college syllabus?,Which domain are you currently interested in?,Do you plan to work in the engineering field after graduation?,What is your biggest challenge in engineering studies?
18/05/2026 11:59:09,Sivakumar,20,Male,Manakula Vinayagar Institute of Technology,CSE,3rd Year,Yes,Other,Parents’ Decision,Neutral,Yes,AI/ML,Yes,Placement Fear
18/05/2026 12:00:04,Kajol,20,Female,Manakula Vinayagar Institute of Technology,CSE,3rd Year,Yes,Business,Personal Interest,Neutral,Yes,"Web Development, Government Jobs",Not Sure,"Time Management, Other"
18/05/2026 12:00:09,Rajeswari.B,20,Female,Manakula Vinayagar Institute Of Technology ,CSE,3rd Year,Yes,Design,Personal Interest,Very Happy,No,Web Development,Yes,Time Management
18/05/2026 12:00:12,Deepika ,20,Female,MANAKULA VINAYAGAR INSTITUTE OF TECHNOLOGY ,CSE,3rd Year,No,Medicine,No Other Option,Neutral,No,Data Science,Yes,Lack of Interest
18/05/2026 12:00:17,Keerthana,21,Female,MVIT,CSE,3rd Year,Not Sure,Government Exams,"Parents’ Decision, Social Pressure",Neutral,No,AI/ML,Yes,"Lack of Interest, Academic Pressure, Placement Fear, Time Management"
18/05/2026 12:00:46,Bhumika S,19,Female,Manakula Vinayagar institute of technology ,CSE,3rd Year,Yes,Other,No Other Option,Neutral,Yes,Other,Yes,Other
18/05/2026 12:01:21,Surya b,20,Male,Manakula vinayagar institute of technology ,CSE,3rd Year,Not Sure,Other,Personal Interest,Neutral,Yes,AI/ML,Yes,Academic Pressure
18/05/2026 12:02:07,Harii ,20,Male,Mvit,CSE,3rd Year,No,Design,Parents’ Decision,Neutral,No,Government Jobs,Not Sure,Financial Issues
18/05/2026 12:02:27,MOHIT  ROSCEN ,20,Male,MVIT,CSE,3rd Year,Yes,Other,Personal Interest,Satisfied,No,"AI/ML, Web Development",Yes,"Academic Pressure, Placement Fear, Time Management"
18/05/2026 12:02:30,Sarthak ,20,Male,Manakula Vinayagar Institute of Technology ,CSE,3rd Year,Not Sure,Other,Friends Influence,Neutral,No,Core Engineering,Not Sure,Academic Pressure
18/05/2026 12:02:52,Praveen Charan Reddy ,20,Male,MVIT,CSE,3rd Year,No,Other,Job Opportunities,Neutral,Yes,Other,Yes,Lack of Interest
18/05/2026 12:03:02,Midhun Albert J ,20,Male,Manakula Vinayagar Institute Of Technology ,CSE,3rd Year,Yes,Commerce,No Other Option,Not Happy,Yes,"Data Science, Web Development, Business",Not Sure,"Academic Pressure, Placement Fear, Financial Issues, Family Pressure, Time Management"
18/05/2026 12:04:02,B Deva Dharshini ,20,Female,Manakula Vinayagar Institute of Technology ,CSE,3rd Year,Not Sure,Medicine,"Parents’ Decision, Social Pressure",Satisfied,Yes,"AI/ML, Data Science",Yes,"Lack of Interest, Academic Pressure, Placement Fear, Family Pressure, Time Management"
18/05/2026 12:04:10,Saadhitya,20,Female,MVIT,CSE,3rd Year,Yes,Other,"Personal Interest, Job Opportunities",Satisfied,Yes,AI/ML,Yes,"Academic Pressure, Placement Fear, Time Management"
18/05/2026 12:04:13,Dharshini ,20,Female,Manakula Vinayagar institute of technology ,CSE,3rd Year,Yes,Design,Personal Interest,Neutral,Yes,"AI/ML, Web Development",Yes,"Placement Fear, Time Management"
18/05/2026 12:04:20,Vishwa A,20,Male,Manakula Vinyagar Institute of Technology ,CSE,3rd Year,Not Sure,Business,Social Pressure,Satisfied,No,Business,No,Academic Pressure
18/05/2026 12:04:28,Subash Praveen M,20,Male,Manakula Vinayagar Institute of Technology ,CSE,3rd Year,Yes,Other,"Personal Interest, Job Opportunities",Neutral,Yes,"AI/ML, Web Development, Core Engineering",Yes,"Lack of Interest, Academic Pressure, Placement Fear, Financial Issues, Time Management"
18/05/2026 12:06:00,Priyadharshini ,20,Female,MVIT,CSE,3rd Year,No,Medicine,"Personal Interest, Job Opportunities",Satisfied,Yes,"Data Science, Web Development, Business",Yes,"Academic Pressure, Placement Fear, Time Management"
18/05/2026 12:08:36,Adish P,21,Male,Manakula Vinayagar Institute Of Technology ,CSE,3rd Year,No,Animation,"Personal Interest, Job Opportunities",Neutral,Yes,"Data Science, Web Development",Yes,Time Management
18/05/2026 12:08:41,R Senthilraj ,20,Male,Manakula Vinayagar institute of technology ,CSE,3rd Year,Yes,Other,Personal Interest,Satisfied,Yes,Web Development,Yes,Lack of Interest
18/05/2026 12:08:55,U.Sathiyasri,21,Female,Manaku Vinayagar Institute of Technology,CSE,4th Year,Yes,Other,Personal Interest,Satisfied,Yes,"Data Science, Cyber Security",Yes,Academic Pressure
18/05/2026 12:09:07,Kishore A,20,Male,Manakula Vinayagar Institute of Technology,CSE,3rd Year,Yes,Other,"Personal Interest, Parents’ Decision",Neutral,Yes,"AI/ML, Data Science, Other",Yes,"Academic Pressure, Placement Fear, Financial Issues"
18/05/2026 12:09:25,Karri udaya sasidhar varma,20,Male,Raak College of engineering and technology,CSE,3rd Year,Not Sure,Other,Parents’ Decision,Satisfied,No,"AI/ML, Data Science, Cyber Security",Yes,Placement Fear
18/05/2026 12:10:20,Zenith,21,Male,Iit,CSE,3rd Year,No,Business,Job Opportunities,Neutral,No,Core Engineering,Yes,Lack of Interest
18/05/2026 12:10:35,Hemantchandiran@janathanan.V,21,Male,Manakula Vinayagar institute of technology ,CSE,3rd Year,Yes,Other,Personal Interest,Satisfied,Yes,Data Science,No,Lack of Interest
18/05/2026 12:10:47,Gowtham R ,20,Male,Manakula Vinayagar institute of technology ,CSE,3rd Year,Yes,Business,"Personal Interest, Parents’ Decision, Job Opportunities",Satisfied,Yes,"AI/ML, Web Development",No,"Placement Fear, Time Management"
18/05/2026 12:10:54,Smriti,22,Female,Mvit,CSE,4th Year,No,Medicine,Job Opportunities,Neutral,Yes,Other,Not Sure,Placement Fear
18/05/2026 12:12:53,VADREVU VENKATA SAI RAM ,21,Male,MANAKULA VINAYAGAR INSTITUTE OF TECHNOLOGY ,CSE,3rd Year,No,Law,Social Pressure,Not Happy,Yes,Core Engineering,Yes,"Academic Pressure, Placement Fear, Financial Issues, Family Pressure"
18/05/2026 12:13:19,Surveji ,20,Male,Manakula Vinayagar Institute of Technology ,CSE,3rd Year,No,Animation,Parents’ Decision,Neutral,Yes,Other,Yes,Lack of Interest
18/05/2026 12:19:39,Naresh Kumar S,21,Male,Mvit,ECE,4th Year,Yes,Other,"Personal Interest, Parents’ Decision",Neutral,Yes,Data Science,Yes,"Placement Fear, Time Management, Other"
18/05/2026 12:55:50,Praveen ,20,Male,Mvit,CSE,3rd Year,Yes,Design,"Personal Interest, Job Opportunities",Very Happy,Yes,"AI/ML, Data Science, Web Development",Yes,Other
18/05/2026 13:22:46,Supraja ,18,Female,Manakula Vinayagar institute of technology ,CSE,3rd Year,Yes,Other,No Other Option,Satisfied,Yes,Other,Yes,Placement Fear
18/05/2026 13:52:30,V RAMYA,20,Female,MVIT,CSE,3rd Year,Yes,Business,Personal Interest,Satisfied,Yes,Business,Yes,Time Management